{"mse": 0.2542707807295669, "bias": -0.007989820311432668, "pearson_cor": 0.772443929735362, "mean_mult": 2.366935473688097, "var_ratio": 0.8045434937903024}