{"mse": 0.6219787342377917, "bias": -0.010203193668703075, "pearson_cor": 0.15668104204038913, "mean_mult": 4.456237992267906, "var_ratio": 0.2573791925158527}