{"mse": 0.2220281999564255, "bias": -0.00367554358328354, "pearson_cor": 0.8044430254226613, "mean_mult": 2.233357846541555, "var_ratio": 0.8113659163021543}