{"mse": 0.24667707011261306, "bias": -0.005482403973873429, "pearson_cor": 0.7795946895030847, "mean_mult": 2.3520369645348054, "var_ratio": 0.7845234816436193}