{"mse": 0.268598045224852, "bias": -0.009053150553529099, "pearson_cor": 0.757691219813398, "mean_mult": 2.446318279257905, "var_ratio": 0.7812302506710863}