{"mse": 0.2514645904498033, "bias": 0.0027255650662108485, "pearson_cor": 0.7764267313733212, "mean_mult": 2.3664681358203707, "var_ratio": 0.7825541672590435}