{"mse": 0.27259604757046946, "bias": -0.0061444534798537195, "pearson_cor": 0.753275459884268, "mean_mult": 2.4621622245610566, "var_ratio": 0.7709478947706595}